{"cameraMode":{"drawMode":0,"name":"Shaded","section":"Shading Mode"},"sceneLighting":true,"audioPlay":false,"sceneViewState":{"m_AlwaysRefresh":false,"showFog":true,"showSkybox":true,"showFlares":true,"showImageEffects":true,"showParticleSystems":true,"showVisualEffectGraphs":true,"m_FxEnabled":true},"in2DMode":false,"pivot":{"x":-0.4790203869342804,"y":2.4649651050567629,"z":9.09091567993164},"rotation":{"x":0.011609232984483242,"y":0.11731857806444168,"z":0.0013717052061110736,"w":-0.9930261373519898},"size":7.987424373626709,"orthographic":false}